straat,huisnummer,huisletter,huistoevoeging,woonplaats,postcode,oppervlakte,gebruiksdoel,full_address
Francis Picabiastraat,11,,,Rotterdam,3059 RP,106,woonfunctie,Francis Picabiastraat 11   3059 RP Rotterdam
Narcissenveld,9,,,Castricum,1901 LH,77,woonfunctie,Narcissenveld 9   1901 LH Castricum
Vezelstraat,23,,,Reusel,5541 VN,125,woonfunctie,Vezelstraat 23   5541 VN Reusel
Hertespoor,14,,,Ede,6713 JD,146,woonfunctie,Hertespoor 14   6713 JD Ede
Heernisseweg,69,,,Goes,4461PS,93,woonfunctie,Heernisseweg 69   4461PS Goes
Nieuwenhovenseweg,7,,,Middelburg,4333 AP,159,woonfunctie,Nieuwenhovenseweg 7   4333 AP Middelburg
Karel Doormanstraat,9,,,Wieringerwerf,1771 AV,119,woonfunctie,Karel Doormanstraat 9   1771 AV Wieringerwerf
Doozemansteeg,1,,RD2,Collendoorn,7798 CH,30,logiesfunctie,Doozemansteeg 1  RD2 7798 CH Collendoorn
Monseigneur Kierkelspln,19,,,Baexem,6095 BK,1203,bijeenkomstfunctie,Monseigneur Kierkelspln 19   6095 BK Baexem
Burgemeester Rensstraat,51,,,Goirle,5051 CM,107,woonfunctie,Burgemeester Rensstraat 51   5051 CM Goirle
Prins Mauritsstraat,23,,,Middelburg,4332TV,76,woonfunctie,Prins Mauritsstraat 23   4332TV Middelburg
Adriaen Brouwerstraat,47,,,Boxmeer,5831VJ,185,woonfunctie,Adriaen Brouwerstraat 47   5831VJ Boxmeer
Getijmolenerf,119,,,Gouda,2807GK,121,woonfunctie,Getijmolenerf 119   2807GK Gouda
De Krijgsman,13,,,Uitgeest,1911KG,87,woonfunctie,De Krijgsman 13   1911KG Uitgeest
Sitwâl,3,,,Dokkum,9103 PA,186,woonfunctie,Sitwâl 3   9103 PA Dokkum
De Zes,5,,,Den Burg,1791EW,102,woonfunctie,De Zes 5   1791EW Den Burg
Statenweg,128,A,,Rotterdam,3039JM,147,winkelfunctie,Statenweg 128 A  3039JM Rotterdam
De Roterij,6,d,,Burgh-Haamstede,4328 BA,363,industriefunctie,De Roterij 6 d  4328 BA Burgh-Haamstede
Seine,12,A,,Amstelveen,1186NR,13,overige gebruiksfunctie,Seine 12 A  1186NR Amstelveen
Korenweg,1,a,,Nijverdal,7441CP,89,woonfunctie,Korenweg 1 a  7441CP Nijverdal
Daliënwaerd,35,,,'s-Hertogenbosch,5221KD,165,woonfunctie,Daliënwaerd 35   5221KD 's-Hertogenbosch
Kiebos,20,,,Warmenhuizen,1749 HB,160,woonfunctie,Kiebos 20   1749 HB Warmenhuizen
Louise Henriëttelaan,16,F,,Ede,6713MH,73,woonfunctie,Louise Henriëttelaan 16 F  6713MH Ede
Homberg,1308,,,Wijchen,6601ZT,159,woonfunctie,Homberg 1308   6601ZT Wijchen
Roggestraat,81,,,Putten,3882 GV,120,woonfunctie,Roggestraat 81   3882 GV Putten
Kerkstraat,56,C,,Nederweert,6031 CJ,114,bijeenkomstfunctie,Kerkstraat 56 C  6031 CJ Nederweert
Kleine Berg,24,,42,Eindhoven,5611JV,43,woonfunctie,Kleine Berg 24  42 5611JV Eindhoven
De Kiel,9,,,Hoogeveen,7908LB,84,woonfunctie,De Kiel 9   7908LB Hoogeveen
Oude Raadhuislaan,37,B,,Rotterdam,3054NN,116,woonfunctie,Oude Raadhuislaan 37 B  3054NN Rotterdam
Rijnstraat,12,,,Dordrecht,3313 GW,82,woonfunctie,Rijnstraat 12   3313 GW Dordrecht
Burgemeester van Nispen van Sevenaerstraat,41,,,Laren,1251KG,273,woonfunctie,Burgemeester van Nispen van Sevenaerstraat 41   1251KG Laren
Wim van Baaststraat,8,A,,Oisterwijk,5063CS,126,woonfunctie,Wim van Baaststraat 8 A  5063CS Oisterwijk
Maria van Bourgondiëstraat,12,,,Sittard,6137HP,148,woonfunctie,Maria van Bourgondiëstraat 12   6137HP Sittard
Hooglandse Kerkgracht,64,,,Leiden,2312 HV,47,woonfunctie,Hooglandse Kerkgracht 64   2312 HV Leiden
Rolduckerstraat,108,,,Kerkrade,6461VN,232,woonfunctie,Rolduckerstraat 108   6461VN Kerkrade
Torenstraat,14,,,Gorinchem,4201GS,99,woonfunctie,Torenstraat 14   4201GS Gorinchem
Staringstraat,13,,,Gemert,5421PH,101,woonfunctie,Staringstraat 13   5421PH Gemert
Roordaweg,8,,,Tinallinge,9954 TV,74,woonfunctie,Roordaweg 8   9954 TV Tinallinge
Verversgilde,9,,,Medemblik,1671LW,125,woonfunctie,Verversgilde 9   1671LW Medemblik
Sieboldstraat,13,,,Leiden,2315 HL,86,woonfunctie,Sieboldstraat 13   2315 HL Leiden
Hietweideweg,47,,,Twello,7391RA,100,woonfunctie,Hietweideweg 47   7391RA Twello
Hengmeng,112,,,'s-Hertogenbosch,5235JZ,127,woonfunctie,Hengmeng 112   5235JZ 's-Hertogenbosch
Wilhelminalaan,2,a,,Brakel,5306XC,76,woonfunctie,Wilhelminalaan 2 a  5306XC Brakel
Schutteheide,1,,452,Heel,6097HA,120,logiesfunctie,Schutteheide 1  452 6097HA Heel
Gaasbeekheem,18,,,Veenendaal,3907ND,135,woonfunctie,Gaasbeekheem 18   3907ND Veenendaal
Jean Monnetstraat,92,,,Heemskerk,1963KS,116,woonfunctie,Jean Monnetstraat 92   1963KS Heemskerk
Cuperstraat,40,,,Bemmel,6681AT,126,woonfunctie,Cuperstraat 40   6681AT Bemmel
Ireneweg,15,,,Kortenhoef,1241XX,69,woonfunctie,Ireneweg 15   1241XX Kortenhoef
Du Perronstraat,26,,,Rotterdam,3076HN,107,woonfunctie,Du Perronstraat 26   3076HN Rotterdam
Trancheeweg,7,R,443,Weert,6002 ST,77,logiesfunctie,Trancheeweg 7 R 443 6002 ST Weert
Generaal Spoorlaan,629,,,Rijswijk,2285 TG,87,woonfunctie,Generaal Spoorlaan 629   2285 TG Rijswijk
Frederik Hendrikstraat,72,,,Utrecht,3583 VP,170,woonfunctie,Frederik Hendrikstraat 72   3583 VP Utrecht
Koningsweg,59,,,Akersloot,1921AS,134,woonfunctie,Koningsweg 59   1921AS Akersloot
Voorstraat,78,,,Groot-Ammers,2964AL,96,woonfunctie,Voorstraat 78   2964AL Groot-Ammers
Geerten Gossaertstraat,22,,,Rotterdam,3069 WV,24,woonfunctie,Geerten Gossaertstraat 22   3069 WV Rotterdam
Schoolstraat,22,,,Westervelde,9337PC,226,woonfunctie,Schoolstraat 22   9337PC Westervelde
Brusselsestraat,32,,,Maastricht,6211PE,45,woonfunctie,Brusselsestraat 32   6211PE Maastricht
Professor Cobbenhagenlaan,11,,243,Tilburg,5037DA,22,woonfunctie,Professor Cobbenhagenlaan 11  243 5037DA Tilburg
Willem Molengraaffstraat,17,,1,Amsterdam,1063LK,65,woonfunctie,Willem Molengraaffstraat 17  1 1063LK Amsterdam
Sont,76,,,Hoofddorp,2133 HD,83,woonfunctie,Sont 76   2133 HD Hoofddorp
Sillenhoek,3,,,Leveroy,6091 PC,198,woonfunctie,Sillenhoek 3   6091 PC Leveroy
Weidesteenlaan,57,,,Zwolle,8042 NZ,83,woonfunctie,Weidesteenlaan 57   8042 NZ Zwolle
Groningensingel,141,,,Arnhem,6835 EG,139,woonfunctie,Groningensingel 141   6835 EG Arnhem
Hilhorststraat,10,,,Eemnes,3755 SV,150,woonfunctie,Hilhorststraat 10   3755 SV Eemnes
Linnenstraat,18,,,Borne,7621SZ,115,woonfunctie,Linnenstraat 18   7621SZ Borne
Kustweg,139,,,Delfzijl,9933AE,88,woonfunctie,Kustweg 139   9933AE Delfzijl
Spaarndammerdijk,7,P,,Amsterdam,1013 ZM,84,woonfunctie,Spaarndammerdijk 7 P  1013 ZM Amsterdam
Ten Dale,10,,,Steenwijkerwold,8341 RC,95,woonfunctie,Ten Dale 10   8341 RC Steenwijkerwold
Nieuwendammerdijk,87,,,Amsterdam,1025 LE,138,woonfunctie,Nieuwendammerdijk 87   1025 LE Amsterdam
Thorbeckestraat,4,,,Urmond,6129GP,116,woonfunctie,Thorbeckestraat 4   6129GP Urmond
Ceintuurbaan,9,P,,Rotterdam,3051 AE,80,woonfunctie,Ceintuurbaan 9 P  3051 AE Rotterdam
Ankerpad,2,,TR,Espel,8311PC,7,overige gebruiksfunctie,Ankerpad 2  TR 8311PC Espel
César Franckrode,52,,,Zoetermeer,2717BE,220,woonfunctie,César Franckrode 52   2717BE Zoetermeer
Beemdgras,39,,,Nijkerkerveen,3864 JA,168,woonfunctie,Beemdgras 39   3864 JA Nijkerkerveen
Schutterstraat,2,,,Rosmalen,5241 TS,95,woonfunctie,Schutterstraat 2   5241 TS Rosmalen
Heer Halewijnstraat,22,,,Oosterhout,4906EC,133,woonfunctie,Heer Halewijnstraat 22   4906EC Oosterhout
J.A. Alberdingk Thijmstraat,14,,,Hengelo,7552 HR,110,woonfunctie,J.A. Alberdingk Thijmstraat 14   7552 HR Hengelo
Wilhelminakade,323,,,Rotterdam,3072AP,146,woonfunctie,Wilhelminakade 323   3072AP Rotterdam
Educalaan,5,A,,Dronten,8251 GC,126,woonfunctie,Educalaan 5 A  8251 GC Dronten
Louis Couperusstraat,35,,3,Amsterdam,1064 CA,69,woonfunctie,Louis Couperusstraat 35  3 1064 CA Amsterdam
Penningkruid,70,,,Bodegraven,2412AN,140,woonfunctie,Penningkruid 70   2412AN Bodegraven
Tweede Weteringdwarsstraat,41,,1,Amsterdam,1017ST,82,woonfunctie,Tweede Weteringdwarsstraat 41  1 1017ST Amsterdam
Runderweide,18,,,Zoetermeer,2727HV,123,woonfunctie,Runderweide 18   2727HV Zoetermeer
Omegaplantsoen,489,,,Leiden,2321 KV,49,woonfunctie,Omegaplantsoen 489   2321 KV Leiden
Nicolaas Beetsstraat,150,,H,Amsterdam,1054 XV,109,woonfunctie,Nicolaas Beetsstraat 150  H 1054 XV Amsterdam
Wouwerdries,26,,,Chaam,4861 BK,124,woonfunctie,Wouwerdries 26   4861 BK Chaam
Beresteinlaan,803,,,'s-Gravenhage,2542JW,78,woonfunctie,Beresteinlaan 803   2542JW 's-Gravenhage
Bruggelaan,66,,,Appelscha,8426 BH,181,woonfunctie,Bruggelaan 66   8426 BH Appelscha
Camille Balystraat,11,E,,Amsterdam,1087VP,57,woonfunctie,Camille Balystraat 11 E  1087VP Amsterdam
Vletstraat,17,,,Yerseke,4401JN,132,woonfunctie,Vletstraat 17   4401JN Yerseke
Geelgorsstraat,8,,,Helmond,5702RC,101,woonfunctie,Geelgorsstraat 8   5702RC Helmond
't Harde,3,,,Haren Gn,9752VC,277,woonfunctie,'t Harde 3   9752VC Haren Gn
Munsterkerk,9,,,Dussen,4271 XA,98,bijeenkomstfunctie,Munsterkerk 9   4271 XA Dussen
Voorstraat,8,,,Heesbeen,5158NC,238,woonfunctie,Voorstraat 8   5158NC Heesbeen
Schenkeldijk,72,,,'s-Gravendeel,3295 EH,113,woonfunctie,Schenkeldijk 72   3295 EH 's-Gravendeel
Margo Antinkstraat,28,,,Leiden,2331HZ,113,woonfunctie,Margo Antinkstraat 28   2331HZ Leiden
Emmy Andriessestraat,562,,,Amsterdam,1087 NE,102,woonfunctie,Emmy Andriessestraat 562   1087 NE Amsterdam
Vlietskant,26,c,,Leerdam,4141 CL,80,woonfunctie,Vlietskant 26 c  4141 CL Leerdam
De Zandkuil,81,,,IJmuiden,1974RK,86,woonfunctie,De Zandkuil 81   1974RK IJmuiden
Haven,108,,,Volendam,1131 EV,210,bijeenkomstfunctie,Haven 108   1131 EV Volendam
Dokter van Kleefstraat,34,C,,Maastricht,6217JK,52,woonfunctie,Dokter van Kleefstraat 34 C  6217JK Maastricht
Catharina van Renneslaan,17,,,Hilversum,1217CW,256,woonfunctie,Catharina van Renneslaan 17   1217CW Hilversum
Jaltadaheerd,166,,,Groningen,9737 HL,90,woonfunctie,Jaltadaheerd 166   9737 HL Groningen
Bloedstraat,12,B,,Amsterdam,1012BS,1,overige gebruiksfunctie,Bloedstraat 12 B  1012BS Amsterdam
Johanna van Cuilenburgstraat,95,,,Zoetermeer,2722 BT,73,woonfunctie,Johanna van Cuilenburgstraat 95   2722 BT Zoetermeer
Nieuwe Ebbingestraat,102,b,,Groningen,9712NP,98,woonfunctie,Nieuwe Ebbingestraat 102 b  9712NP Groningen
Van Wevelinckhovenplein,44,,,Hardenberg,7772VJ,74,woonfunctie,Van Wevelinckhovenplein 44   7772VJ Hardenberg
van Hogendorpstraat,14,,,Hoogezand,9602WZ,119,woonfunctie,van Hogendorpstraat 14   9602WZ Hoogezand
Vondellaan,77,,401,Groningen,9721 LC,62,woonfunctie,Vondellaan 77  401 9721 LC Groningen
De Skalter,13,,,Gauw,8627 SN,156,woonfunctie,De Skalter 13   8627 SN Gauw
Reiger,138,,,Raalte,8103 AV,144,woonfunctie,Reiger 138   8103 AV Raalte
Waterviolier,5,,,Veenendaal,3907HK,178,woonfunctie,Waterviolier 5   3907HK Veenendaal
Berkenlaan,41,,,Nieuwe Pekela,9663ER,86,woonfunctie,Berkenlaan 41   9663ER Nieuwe Pekela
Huyekamp,35,,,Elst,6662 EK,107,woonfunctie,Huyekamp 35   6662 EK Elst
Bergselaan,217,C,,Rotterdam,3038CA,120,woonfunctie,Bergselaan 217 C  3038CA Rotterdam
Baden Powelllaan,9,b,,Tilburg,5042ZA,51,woonfunctie,Baden Powelllaan 9 b  5042ZA Tilburg
Molendijk,136,,,Klaaswaal,3286BK,156,woonfunctie,Molendijk 136   3286BK Klaaswaal
Franciscanerstraat,47,,,Kerkrade,6462 CL,155,woonfunctie,Franciscanerstraat 47   6462 CL Kerkrade
Claudius Prinsenlaan,128,A,,Breda,4818 CP,627,kantoorfunctie,Claudius Prinsenlaan 128 A  4818 CP Breda
Anneville-laan,58,,,Ulvenhout,4851CD,133,woonfunctie,Anneville-laan 58   4851CD Ulvenhout
Munkedyk,42,,,Gaastmeer,8611 JR,5,overige gebruiksfunctie,Munkedyk 42   8611 JR Gaastmeer
Leidsevaartweg,11,,GB83,Heemstede,2106 NA,21,industriefunctie,Leidsevaartweg 11  GB83 2106 NA Heemstede
Kiepheugte,24,,,Assen,9403GJ,87,woonfunctie,Kiepheugte 24   9403GJ Assen
Coleman Hawkinslaan,97,,,Beverwijk,1948 BL,107,woonfunctie,Coleman Hawkinslaan 97   1948 BL Beverwijk
Klimopstraat,3,,,Den Helder,1783 HM,76,woonfunctie,Klimopstraat 3   1783 HM Den Helder
Boerendanserdijk,70,A,,Zwolle,8024 AJ,175,woonfunctie,Boerendanserdijk 70 A  8024 AJ Zwolle
Arendsduin,23,,,Oegstgeest,2342 CS,191,woonfunctie,Arendsduin 23   2342 CS Oegstgeest
Grotestraat,254,b,,Nijverdal,7443BW,71,woonfunctie,Grotestraat 254 b  7443BW Nijverdal
Kasteellaan,10,,,Helmond,5701PR,87,woonfunctie,Kasteellaan 10   5701PR Helmond
Hindestraat,74,,,Nijmegen,6531KK,173,woonfunctie,Hindestraat 74   6531KK Nijmegen
Prins Clausstraat,9,,,Wehl,7031 XS,132,woonfunctie,Prins Clausstraat 9   7031 XS Wehl
Roos en Beeklaan,4,H,,Santpoort-Noord,2071TD,102,woonfunctie,Roos en Beeklaan 4 H  2071TD Santpoort-Noord
De Box,1,,,Vlijmen,5251DL,160,woonfunctie,De Box 1   5251DL Vlijmen
Prins Hendriklaan,155,X,032,Brunssum,,14,overige gebruiksfunctie,Prins Hendriklaan 155 X 032  Brunssum
Mauritsstraat,141,,,Rotterdam,3012 CH,58,woonfunctie,Mauritsstraat 141   3012 CH Rotterdam
Borssenburgstraat,17,,1,Amsterdam,1078VA,88,woonfunctie,Borssenburgstraat 17  1 1078VA Amsterdam
Kunstlaan,69,,,Opmeer,1716 DS,58,woonfunctie,Kunstlaan 69   1716 DS Opmeer
Kloosterlaan,3,,13,Hilversum,1216NH,89,woonfunctie,Kloosterlaan 3  13 1216NH Hilversum
Randveen,62,T,,'s-Gravenhage,2544RP,50,woonfunctie,Randveen 62 T  2544RP 's-Gravenhage
Hamsterborg,59,,,Almelo,7608GP,106,woonfunctie,Hamsterborg 59   7608GP Almelo
Sint Maartenlaan,36,,,Axel,4571CT,18,overige gebruiksfunctie,Sint Maartenlaan 36   4571CT Axel
Prinses Margrietstraat,96,,,Utrecht,3554 GJ,47,woonfunctie,Prinses Margrietstraat 96   3554 GJ Utrecht
Goudenregenstraat,25,,,Schipluiden,2636 BH,106,woonfunctie,Goudenregenstraat 25   2636 BH Schipluiden
Ketelven,28,,,Veghel,5464 PS,135,overige gebruiksfunctie,Ketelven 28   5464 PS Veghel
Orgellaan,32,,,Oldenzaal,7577LM,163,woonfunctie,Orgellaan 32   7577LM Oldenzaal
Echternachlaan,526,,,Eindhoven,5625KG,66,woonfunctie,Echternachlaan 526   5625KG Eindhoven
Kalverweg,11,,,Schoonrewoerd,4145 KS,70,woonfunctie,Kalverweg 11   4145 KS Schoonrewoerd
Populierenlaan,36,,,Krimpen aan den IJssel,2925CT,141,woonfunctie,Populierenlaan 36   2925CT Krimpen aan den IJssel
Nicolaas Damesstraat,13,,,Lisse,2161CS,68,woonfunctie,Nicolaas Damesstraat 13   2161CS Lisse
Hondsdrafzoom,13,,,Leiderdorp,2353 RM,124,woonfunctie,Hondsdrafzoom 13   2353 RM Leiderdorp
Veerpolderstraat,29,,21,Arnhem,6833BN,83,woonfunctie,Veerpolderstraat 29  21 6833BN Arnhem
Kockstraat,58,,,'s-Gravenhage,2571TH,65,woonfunctie,Kockstraat 58   2571TH 's-Gravenhage
Talmalaan,5,,,Zeist,3705VK,122,woonfunctie,Talmalaan 5   3705VK Zeist
van Reeslaan,93,,,Nieuwegein,3431BV,73,woonfunctie,van Reeslaan 93   3431BV Nieuwegein
Sterrenmos,26,,,Zwolle,8043MK,128,woonfunctie,Sterrenmos 26   8043MK Zwolle
Bogermanstraat,22,,,Balk,8561 BL,74,woonfunctie,Bogermanstraat 22   8561 BL Balk
Knardijk West,10,,,Harderwijk,3841 LA,2535,winkelfunctie,Knardijk West 10   3841 LA Harderwijk
Vrijlandtstraat,94,,,Pernis Rotterdam,3195VW,70,woonfunctie,Vrijlandtstraat 94   3195VW Pernis Rotterdam
Schapendijk,4,,,Holten,7451 KT,209,woonfunctie,Schapendijk 4   7451 KT Holten
Rhijnauwensingel,116,,,Rotterdam,3077EV,86,woonfunctie,Rhijnauwensingel 116   3077EV Rotterdam
Dijkmeent,99,,,Almere,1357ED,87,woonfunctie,Dijkmeent 99   1357ED Almere
Rustenburgerstraat,406,,3,Amsterdam,1072HH,52,woonfunctie,Rustenburgerstraat 406  3 1072HH Amsterdam
Drontermeer,48,,,Zoetermeer,2729 PJ,88,woonfunctie,Drontermeer 48   2729 PJ Zoetermeer
Turfstekershoeve,102,,,Apeldoorn,7326DR,97,woonfunctie,Turfstekershoeve 102   7326DR Apeldoorn
Rheastraat,5,,,Delfzijl,9933 CG,79,woonfunctie,Rheastraat 5   9933 CG Delfzijl
Vijverlaan,511,,,Krimpen aan den IJssel,2925 VH,136,woonfunctie,Vijverlaan 511   2925 VH Krimpen aan den IJssel
van Voorthuizenlaan,6,,,Ede,6712 CJ,88,woonfunctie,van Voorthuizenlaan 6   6712 CJ Ede
Hermelijnweide,14,,,Nieuwegein,3437 TV,155,woonfunctie,Hermelijnweide 14   3437 TV Nieuwegein
Strjitwei,14,,,Dronryp,9035 VM,323,industriefunctie,Strjitwei 14   9035 VM Dronryp
Garnizoenstraat,29,,,Arnhem,6822ES,103,woonfunctie,Garnizoenstraat 29   6822ES Arnhem
Lorentzstraat,2,,,IJmuiden,1971HR,86,woonfunctie,Lorentzstraat 2   1971HR IJmuiden
Pearl Buck-erf,249,,,Dordrecht,3315BG,45,woonfunctie,Pearl Buck-erf 249   3315BG Dordrecht
Vossenheuvel,10,,208,Well L,5855 EE,81,logiesfunctie,Vossenheuvel 10  208 5855 EE Well L
Moezeldal,14,,,Doetinchem,7007 HR,103,woonfunctie,Moezeldal 14   7007 HR Doetinchem
Frankenslag,111,,,'s-Gravenhage,2582 HH,230,woonfunctie,Frankenslag 111   2582 HH 's-Gravenhage
Tiemeister Es,3,,,Enschede,7541 PH,278,woonfunctie,Tiemeister Es 3   7541 PH Enschede
Grote Maote,2,,,Aalten,7123 CD,96,woonfunctie,Grote Maote 2   7123 CD Aalten
Trompstraat,2,L,,Heinenoord,3274LT,17,overige gebruiksfunctie,Trompstraat 2 L  3274LT Heinenoord
Garderbroekerweg,187,A,,Kootwijkerbroek,3774 JD,167,woonfunctie,Garderbroekerweg 187 A  3774 JD Kootwijkerbroek
Ir. Jakoba Mulderplein,36,C,,Amsterdam,1018 MZ,62,woonfunctie,Ir. Jakoba Mulderplein 36 C  1018 MZ Amsterdam
Smidshof,21,,,Nijkerk,3862 CZ,84,woonfunctie,Smidshof 21   3862 CZ Nijkerk
Brisselkerkstraat,2,,4,Amsterdam,1069ZJ,64,woonfunctie,Brisselkerkstraat 2  4 1069ZJ Amsterdam
Spinozaplantsoen,36,,,Utrecht,3532SX,64,woonfunctie,Spinozaplantsoen 36   3532SX Utrecht
Beumeesweg,66,,,Alteveer,9661 AJ,117,woonfunctie,Beumeesweg 66   9661 AJ Alteveer
Abtslaan,14,A,,Terheijden,4844 SN,47,woonfunctie,Abtslaan 14 A  4844 SN Terheijden
Caligastraat,23,,,Huissen,6852SC,112,woonfunctie,Caligastraat 23   6852SC Huissen
Versailleslaan,20,,,Eindhoven,5627LW,105,woonfunctie,Versailleslaan 20   5627LW Eindhoven
Bloemstede,552,,,Maarssen,3608 XJ,134,woonfunctie,Bloemstede 552   3608 XJ Maarssen
Louis Schottingstraat,17,,,Amsterdam,1068KA,92,woonfunctie,Louis Schottingstraat 17   1068KA Amsterdam
Professor Cornelissenstraat,9,,,Nijmegen,6524 PD,76,woonfunctie,Professor Cornelissenstraat 9   6524 PD Nijmegen
Aleida van Culemborgstraat,32,,,IJsselstein,3401XM,70,woonfunctie,Aleida van Culemborgstraat 32   3401XM IJsselstein
Boskoopplantsoen,36,,,Arnhem,6843EE,112,woonfunctie,Boskoopplantsoen 36   6843EE Arnhem
Zandbergenlaan,38,,,Amersfoort,3817 GN,208,woonfunctie,Zandbergenlaan 38   3817 GN Amersfoort
Warmoltslaan,20,,,Haren Gn,9752GR,272,woonfunctie,Warmoltslaan 20   9752GR Haren Gn
Carmenplein,50,,,Alphen aan den Rijn,2402SV,95,woonfunctie,Carmenplein 50   2402SV Alphen aan den Rijn
Rozenhof,47,,,Roden,9301HE,74,woonfunctie,Rozenhof 47   9301HE Roden
Mariëndijk,35,B,,Honselersdijk,2675SX,10,overige gebruiksfunctie,Mariëndijk 35 B  2675SX Honselersdijk
De Wittenstraat,87,C,,Amsterdam,1052AP,51,woonfunctie,De Wittenstraat 87 C  1052AP Amsterdam
Henri Hermanslaan,544,,,Geleen,6162 GW,90,woonfunctie,Henri Hermanslaan 544   6162 GW Geleen
Molenwerf,103,,,Lekkerkerk,2941 TL,147,woonfunctie,Molenwerf 103   2941 TL Lekkerkerk
Noorderlicht,66,,,Katwijk,2221LW,127,woonfunctie,Noorderlicht 66   2221LW Katwijk
Middenstraat,5,,,Lobith,6915AL,196,bijeenkomstfunctie,Middenstraat 5   6915AL Lobith
Pastoor van den Boomstraat,10,G,7,Berlicum,5258GE,16,overige gebruiksfunctie,Pastoor van den Boomstraat 10 G 7 5258GE Berlicum
Treilerdwarsweg,72,,,'s-Gravenhage,2583DA,110,woonfunctie,Treilerdwarsweg 72   2583DA 's-Gravenhage
Biezenbeemd,19,,,Oosterhout,4907EE,118,woonfunctie,Biezenbeemd 19   4907EE Oosterhout
Sterappel,13,,,Lith,5397 CH,117,woonfunctie,Sterappel 13   5397 CH Lith
Brinklaan,16,,,Nooitgedacht,9449 PK,158,woonfunctie,Brinklaan 16   9449 PK Nooitgedacht
Klabots,45,,,Best,5683 LJ,200,woonfunctie,Klabots 45   5683 LJ Best
Posthoornweg,20,,,De Krim,7781PJ,240,woonfunctie,Posthoornweg 20   7781PJ De Krim
Breikom,2,,,Oosterwolde,8431BN,159,woonfunctie,Breikom 2   8431BN Oosterwolde
Rijksstraatweg,296,,,Haren Gn,9752 CM,192,woonfunctie,Rijksstraatweg 296   9752 CM Haren Gn
Beatrixstraat,14,,,Cadier en Keer,6267BG,153,woonfunctie,Beatrixstraat 14   6267BG Cadier en Keer
Burgemeester Trooststraat,101,,,Waddinxveen,2741 TW,90,woonfunctie,Burgemeester Trooststraat 101   2741 TW Waddinxveen
Pater van Donstraat,9,,,Heibloem,6089NM,118,woonfunctie,Pater van Donstraat 9   6089NM Heibloem
Elektrostraat,5,,,Haaksbergen,7483PG,5800,industriefunctie,Elektrostraat 5   7483PG Haaksbergen
Diorremahiem,11,,,Boksum,9031 XX,74,woonfunctie,Diorremahiem 11   9031 XX Boksum
Binckhorst,7,,,Hoogkarspel,1616 GA,162,woonfunctie,Binckhorst 7   1616 GA Hoogkarspel
Markt,1,C,,Wolvega,8471 AS,104,woonfunctie,Markt 1 C  8471 AS Wolvega
Bieslookveld,28,,,Schiedam,3124 VB,144,woonfunctie,Bieslookveld 28   3124 VB Schiedam
Korteleegte,8,,,Veendam,9641 PA,60,woonfunctie,Korteleegte 8   9641 PA Veendam
Raaystraat,13,A,,Swalmen,6071 NC,255,woonfunctie,Raaystraat 13 A  6071 NC Swalmen
Helsdingenstraat,13,,,Arnhem,6823GZ,71,woonfunctie,Helsdingenstraat 13   6823GZ Arnhem
David van Bourgondiëweg,18,,,Wijk bij Duurstede,3961VZ,119,woonfunctie,David van Bourgondiëweg 18   3961VZ Wijk bij Duurstede
Eikepagelaan,74,,,Apeldoorn,7323 VA,192,woonfunctie,Eikepagelaan 74   7323 VA Apeldoorn
Barmsijs,13,,,Rijssen,7463BB,119,woonfunctie,Barmsijs 13   7463BB Rijssen
De Voorde,17,,,Oostrum,5807 EZ,342,industriefunctie,De Voorde 17   5807 EZ Oostrum
de Essenbree,59,,,Mariënheem,8106AT,154,woonfunctie,de Essenbree 59   8106AT Mariënheem
Morelberg,27,,,Roosendaal,4708 NL,132,woonfunctie,Morelberg 27   4708 NL Roosendaal
Granadoslaan,106,,,Rotterdam,3055RD,36,woonfunctie,Granadoslaan 106   3055RD Rotterdam
Rijshoutweg,1,B,42,Zaandam,,38,overige gebruiksfunctie,Rijshoutweg 1 B 42  Zaandam
Jan de Heemstraat,4,B,,Alkmaar,1816 KB,130,woonfunctie,Jan de Heemstraat 4 B  1816 KB Alkmaar
Groenstraat,107,,,Geleen,6162EP,53,woonfunctie,Groenstraat 107   6162EP Geleen
Dierenriemstraat,100,,25,Groningen,9742 AK,208,woonfunctie,Dierenriemstraat 100  25 9742 AK Groningen
Havenstraat,124,,,Zaandam,1506PN,99,woonfunctie,Havenstraat 124   1506PN Zaandam
Stortemelk,68,,,Harderwijk,3844LN,75,woonfunctie,Stortemelk 68   3844LN Harderwijk
Willem-Alexanderplaats,48,,,Hellevoetsluis,3223 XW,120,woonfunctie,Willem-Alexanderplaats 48   3223 XW Hellevoetsluis
Witte Zwaanhof,6,,,Rotterdam,3035ZJ,71,woonfunctie,Witte Zwaanhof 6   3035ZJ Rotterdam
Jagerlaan,70,,,Zeist,3701XL,85,woonfunctie,Jagerlaan 70   3701XL Zeist
Amberboomstraat,66,,,Terneuzen,4537 XB,66,woonfunctie,Amberboomstraat 66   4537 XB Terneuzen
Renesselaan,105,,,Tilburg,5035BC,114,woonfunctie,Renesselaan 105   5035BC Tilburg
Otterring,6,,,Breda,4817 GS,105,woonfunctie,Otterring 6   4817 GS Breda
Burmanialaan,32,,,Drachten,9203PH,105,woonfunctie,Burmanialaan 32   9203PH Drachten
Seranggracht,34,,,Amsterdam,1019PM,94,woonfunctie,Seranggracht 34   1019PM Amsterdam
Makkum,20,,,Beilen,9411TJ,385,woonfunctie,Makkum 20   9411TJ Beilen
Flettine,3,,,Leerdam,4142 RT,148,woonfunctie,Flettine 3   4142 RT Leerdam
Beatrixpark,39,,,'s-Hertogenbosch,5224HX,149,woonfunctie,Beatrixpark 39   5224HX 's-Hertogenbosch
Dorpsstraat,29,,,Lunteren,6741AA,134,woonfunctie,Dorpsstraat 29   6741AA Lunteren
Orchideestraat,23,,,Groningen,9731 GA,122,woonfunctie,Orchideestraat 23   9731 GA Groningen
Jan van Schaffelaarplantsoen,16,,,Amsterdam,1061DN,72,woonfunctie,Jan van Schaffelaarplantsoen 16   1061DN Amsterdam
Mr. D. van Ruijvenpad,23,,,Arnhem,6814NA,101,woonfunctie,Mr. D. van Ruijvenpad 23   6814NA Arnhem
Kochstraat,23,,,Assen,9406 BR,74,woonfunctie,Kochstraat 23   9406 BR Assen
Kortvoort,3,,,Amsterdam,1104NA,72,woonfunctie,Kortvoort 3   1104NA Amsterdam
Dr. Willem Dreessingel,149,,,Arnhem,6836 CS,90,woonfunctie,Dr. Willem Dreessingel 149   6836 CS Arnhem
Boslaan,1,,R47,Gramsbergen,7783 DD,68,logiesfunctie,Boslaan 1  R47 7783 DD Gramsbergen
Arentsburg,100,,,Dordrecht,3328 TD,136,woonfunctie,Arentsburg 100   3328 TD Dordrecht
Groningerstraat,38,,,Midlaren,9475 PB,339,woonfunctie,Groningerstraat 38   9475 PB Midlaren
C.J.van Houtenlaan,19,,,Weesp,1381CN,141,woonfunctie,C.J.van Houtenlaan 19   1381CN Weesp
Tichelwerk,26,,,Makkum,8754 CB,124,woonfunctie,Tichelwerk 26   8754 CB Makkum
De Veenhuis,6,,,Nijkerk,3861MN,141,woonfunctie,De Veenhuis 6   3861MN Nijkerk
Meibergdreef,564,,,Amsterdam,1105 AX,26,woonfunctie,Meibergdreef 564   1105 AX Amsterdam
Zandtangerweg,25,,,Mussel,9584AL,170,woonfunctie,Zandtangerweg 25   9584AL Mussel
Verzetsplein,30,,,Borne,7622 DX,173,woonfunctie,Verzetsplein 30   7622 DX Borne
Ina Boudier-Bakkerstraat,7,,,Vianen,4132XN,104,woonfunctie,Ina Boudier-Bakkerstraat 7   4132XN Vianen
Mackaystraat,50,,,Schiedam,3119 RD,80,woonfunctie,Mackaystraat 50   3119 RD Schiedam
Fientje Brouwersstraat,14,,,'s-Hertogenbosch,5221JM,148,woonfunctie,Fientje Brouwersstraat 14   5221JM 's-Hertogenbosch
Esdoornstraat,4,,,Kerkrade,6464 XH,113,woonfunctie,Esdoornstraat 4   6464 XH Kerkrade
Johan de Wittlaan,12,,014,Barneveld,3771HP,50,woonfunctie,Johan de Wittlaan 12  014 3771HP Barneveld
Grote Haarsekade,67,,,Gorinchem,4205VK,108,woonfunctie,Grote Haarsekade 67   4205VK Gorinchem
Frederik Hendrikstraat,70,,,Amsterdam,1052HX,102,woonfunctie,Frederik Hendrikstraat 70   1052HX Amsterdam
Veenoord,430,,,Rotterdam,3079NP,57,woonfunctie,Veenoord 430   3079NP Rotterdam
Kalverkampen,22,,,Spier,9417TH,135,woonfunctie,Kalverkampen 22   9417TH Spier
Frans Erensstraat,6,,,'s-Hertogenbosch,5216 TL,55,woonfunctie,Frans Erensstraat 6   5216 TL 's-Hertogenbosch
De Dintel,59,,,Veghel,5463 NS,136,woonfunctie,De Dintel 59   5463 NS Veghel
Westerbleek,16,,,Lochem,7241BN,113,woonfunctie,Westerbleek 16   7241BN Lochem
Van den Vondellaan,32,A,,Driehuis NH,,49,overige gebruiksfunctie,Van den Vondellaan 32 A   Driehuis NH
Burgemeester Bruntstraat,5,,,Nieuwerbrug aan den Rijn,2415AJ,95,woonfunctie,Burgemeester Bruntstraat 5   2415AJ Nieuwerbrug aan den Rijn
Schoolstraat,18,,,Strijen,3291AV,103,woonfunctie,Schoolstraat 18   3291AV Strijen
Kostersgang,4,,,Groningen,9711 CX,96,woonfunctie,Kostersgang 4   9711 CX Groningen
Van Akenstraat,2,,,Geleen,6164 BC,108,woonfunctie,Van Akenstraat 2   6164 BC Geleen
Achter de Muren Zandpoort,2,C,,Deventer,7411 GE,110,woonfunctie,Achter de Muren Zandpoort 2 C  7411 GE Deventer
Klimopstraat,12,k,2,Maasbracht,6051MW,59,woonfunctie,Klimopstraat 12 k 2 6051MW Maasbracht
Nieuwe Deventerweg,103,G,10,Zwolle,8014 AE,26,overige gebruiksfunctie,Nieuwe Deventerweg 103 G 10 8014 AE Zwolle
Wibautstraat,68,B,,Amsterdam,1091GN,70,woonfunctie,Wibautstraat 68 B  1091GN Amsterdam
1e Lulofsdwarsstraat,10,R,,'s-Gravenhage,2521AZ,78,woonfunctie,1e Lulofsdwarsstraat 10 R  2521AZ 's-Gravenhage
Marktstraat,3,a,,Scherpenzeel,3925 JN,193,bijeenkomstfunctie,Marktstraat 3 a  3925 JN Scherpenzeel
Heerenvliet,15,,,Wateringen,2291 CZ,123,woonfunctie,Heerenvliet 15   2291 CZ Wateringen
Olivierstraat,13,,,Haarlem,2021BL,82,woonfunctie,Olivierstraat 13   2021BL Haarlem
Harriet Freezerstraat,20,,,Amsterdam,1103 MS,99,woonfunctie,Harriet Freezerstraat 20   1103 MS Amsterdam
Pasar Malamstraat,641,,,Almere,1336NG,31,woonfunctie,Pasar Malamstraat 641   1336NG Almere
Zoeterwoudseweg,3,,,Leiden,2321GL,1237,kantoorfunctie,Zoeterwoudseweg 3   2321GL Leiden
Zuiderkruisstraat,74,,0201,IJmuiden,1973XM,45,woonfunctie,Zuiderkruisstraat 74  0201 1973XM IJmuiden
IJselstraat,32,F,,Amsterdam,1078CJ,80,woonfunctie,IJselstraat 32 F  1078CJ Amsterdam
Gerberasingel,5,,,Berkel en Rodenrijs,2651XV,120,woonfunctie,Gerberasingel 5   2651XV Berkel en Rodenrijs
Churchilllaan,11,,,Maastricht,6226CS,125,woonfunctie,Churchilllaan 11   6226CS Maastricht
Einderstraat,7,B,,Heerlen,6414NG,211,woonfunctie,Einderstraat 7 B  6414NG Heerlen
Oranjestraat,17,,,Heeswijk-Dinther,5473EV,116,woonfunctie,Oranjestraat 17   5473EV Heeswijk-Dinther
Oostenburgermiddenstraat,621,,,Amsterdam,1018 LH,57,woonfunctie,Oostenburgermiddenstraat 621   1018 LH Amsterdam
Uranusbaan,5,,,Franeker,8802 BH,132,woonfunctie,Uranusbaan 5   8802 BH Franeker
Prinses Irenestraat,53,a,9,Elst,6661 EA,106,woonfunctie,Prinses Irenestraat 53 a 9 6661 EA Elst
Bullewijkpad,154,,,Amsterdam,1101CV,73,woonfunctie,Bullewijkpad 154   1101CV Amsterdam
Raccordement,132,,,Twello,7391BT,167,woonfunctie,Raccordement 132   7391BT Twello
Maarsbergenstraat,332,,,'s-Gravenhage,2546SW,82,woonfunctie,Maarsbergenstraat 332   2546SW 's-Gravenhage
Rozemarijnstraat,18,,,Philippine,4553 AG,196,woonfunctie,Rozemarijnstraat 18   4553 AG Philippine
Donatusstraat,45,,GA28,Nuth,,12,overige gebruiksfunctie,Donatusstraat 45  GA28  Nuth
Guardini-Nes,14,,,Bergen (NH),1862AJ,160,woonfunctie,Guardini-Nes 14   1862AJ Bergen (NH)
Nieuwveens Jaagpad,112,,,Nieuwveen,2441GD,173,industriefunctie,Nieuwveens Jaagpad 112   2441GD Nieuwveen
Ommedijk,159,,,Leiderdorp,2353 GP,52,woonfunctie,Ommedijk 159   2353 GP Leiderdorp
Winkelhaak,7,,,Baarle-Nassau,5111 PX,1144,industriefunctie,Winkelhaak 7   5111 PX Baarle-Nassau
Ruychtpad,15,,,Waspik,5165BG,170,woonfunctie,Ruychtpad 15   5165BG Waspik
Slenkstraat,37,,GR21,IJsselmuiden,8271TA,12,overige gebruiksfunctie,Slenkstraat 37  GR21 8271TA IJsselmuiden
Olof Palmeborg,186,,,Schiedam,3124 TS,160,woonfunctie,Olof Palmeborg 186   3124 TS Schiedam
Dorpstienden,2,,,Ouddorp,3253AS,203,woonfunctie,Dorpstienden 2   3253AS Ouddorp
Weegschaal,13,,,Bilthoven,3721WL,72,woonfunctie,Weegschaal 13   3721WL Bilthoven
Beekforel,6,,,Rossum,5328BV,125,woonfunctie,Beekforel 6   5328BV Rossum
Hendrik van Viandenstraat,4,,,Kampen,8266DP,130,woonfunctie,Hendrik van Viandenstraat 4   8266DP Kampen
Nieuwe Maanderbuurtweg,1260,,,Ede,6717BL,40,woonfunctie,Nieuwe Maanderbuurtweg 1260   6717BL Ede
Lantmanstraat,9,,,Borne,7622 KT,95,woonfunctie,Lantmanstraat 9   7622 KT Borne
Burgemeester Sweenslaan,19,,,Leidschendam,2262BN,150,winkelfunctie,Burgemeester Sweenslaan 19   2262BN Leidschendam
Hammarskjöldhof,8,,,Utrecht,3527 HE,141,winkelfunctie,Hammarskjöldhof 8   3527 HE Utrecht
William Barlowlaan,34,,,Amsterdam,1086ZR,141,woonfunctie,William Barlowlaan 34   1086ZR Amsterdam
Dorpsstraat,199,,,Harskamp,6732 AD,494,winkelfunctie,Dorpsstraat 199   6732 AD Harskamp
Drie Kolommenplein,97,,,Aalsmeer,1431 LB,128,woonfunctie,Drie Kolommenplein 97   1431 LB Aalsmeer
Wieldrechtse Zeedijk,102,,,Dordrecht,3316ER,116,woonfunctie,Wieldrechtse Zeedijk 102   3316ER Dordrecht
Pater van den Elzenstraat,6,,,Waalwijk,5142 SH,103,woonfunctie,Pater van den Elzenstraat 6   5142 SH Waalwijk
Van Daatselaarhof,6,,,Leusden,3833 HV,132,woonfunctie,Van Daatselaarhof 6   3833 HV Leusden
Goudsesingel,390,,,Rotterdam,3011KN,72,woonfunctie,Goudsesingel 390   3011KN Rotterdam
Waterlinie,142,,,Sleeuwijk,4254 VA,104,woonfunctie,Waterlinie 142   4254 VA Sleeuwijk
Jan Verfailleweg,156,,,Den Helder,1783BG,85,woonfunctie,Jan Verfailleweg 156   1783BG Den Helder
Oudelandsedijk,22,,,Tholen,4691 RR,235,woonfunctie,Oudelandsedijk 22   4691 RR Tholen
Zeegat,112,,,Hellevoetsluis,3224SL,75,woonfunctie,Zeegat 112   3224SL Hellevoetsluis
Borgerbrink,4,,,Emmen,7812NC,158,woonfunctie,Borgerbrink 4   7812NC Emmen
Brouwerijstraat,18,,,Wijlre,6321AG,170,winkelfunctie,Brouwerijstraat 18   6321AG Wijlre
Prunuslaan,24,,,Leusden,3833AT,70,woonfunctie,Prunuslaan 24   3833AT Leusden
Circusroos,67,,,Venray,5803 CG,78,woonfunctie,Circusroos 67   5803 CG Venray
Beijerlandselaan,178,B,02,Rotterdam,3074 ES,58,woonfunctie,Beijerlandselaan 178 B 02 3074 ES Rotterdam
Weezenhof,3283,,,Nijmegen,6536GH,79,woonfunctie,Weezenhof 3283   6536GH Nijmegen
Burgemeester Caan van Necklaan,95,,,Leidschendam,2262 GD,76,woonfunctie,Burgemeester Caan van Necklaan 95   2262 GD Leidschendam
Betsy Perk,211,,,Hoorn,1628 PE,69,woonfunctie,Betsy Perk 211   1628 PE Hoorn
"Hoogerwerfsweg ""De elf Boompjes""",30,,,Bruinisse,4311NR,126,logiesfunctie,"Hoogerwerfsweg ""De elf Boompjes"" 30   4311NR Bruinisse"
Stationsweg,31,,,Hoorn,1621 HZ,74,woonfunctie,Stationsweg 31   1621 HZ Hoorn
Reigerlaan,52,,,Noordwijkerhout,2211LH,119,woonfunctie,Reigerlaan 52   2211LH Noordwijkerhout
Lijnbaan,198,,,Dordrecht,,10283,overige gebruiksfunctie,Lijnbaan 198    Dordrecht
J.M.P.de Biestraat,23,,,Alkmaar,1827 PA,96,woonfunctie,J.M.P.de Biestraat 23   1827 PA Alkmaar
Cambridgelaan,1845,,,Utrecht,3584 DW,20,woonfunctie,Cambridgelaan 1845   3584 DW Utrecht
Hollands End,99,,,Ankeveen,1244NP,226,woonfunctie,Hollands End 99   1244NP Ankeveen
Keiweg,9,B,,Oosterhout,4901JD,100,winkelfunctie,Keiweg 9 B  4901JD Oosterhout
Bloemendaal,139,,,Bergen op Zoom,4614CZ,81,woonfunctie,Bloemendaal 139   4614CZ Bergen op Zoom
Barbeelsingel,24,,,Hoogvliet Rotterdam,3192 BA,86,kantoorfunctie,Barbeelsingel 24   3192 BA Hoogvliet Rotterdam
Horlo,47,,,Zeewolde,3891BK,76,woonfunctie,Horlo 47   3891BK Zeewolde
Haarlemmermeerstraat,46,,1,Amsterdam,1058KB,68,woonfunctie,Haarlemmermeerstraat 46  1 1058KB Amsterdam
Bevert,30,,,Vroomshoop,7681ZG,82,woonfunctie,Bevert 30   7681ZG Vroomshoop
Nieuwe Laan,87,A,,Amsterdam,1068CA,49,woonfunctie,Nieuwe Laan 87 A  1068CA Amsterdam
Vinkensteynstraat,10,A,,'s-Gravenhage,2562 TR,83,woonfunctie,Vinkensteynstraat 10 A  2562 TR 's-Gravenhage
Tweede Jacob van Campenstraat,118,,1,Amsterdam,1073 XX,50,woonfunctie,Tweede Jacob van Campenstraat 118  1 1073 XX Amsterdam
Granietgroen,203,,,Zoetermeer,2718 GG,70,woonfunctie,Granietgroen 203   2718 GG Zoetermeer
Wilhelminalaan,2,,3,Zuidhorn,9801 BD,108,woonfunctie,Wilhelminalaan 2  3 9801 BD Zuidhorn
Roggestraat,13,,,Zuidwolde,7921 CM,107,woonfunctie,Roggestraat 13   7921 CM Zuidwolde
Gloriantstraat,27,,,Alkmaar,1813LC,117,woonfunctie,Gloriantstraat 27   1813LC Alkmaar
Zwavertsweg,126,,G15,Hengelo,,16,overige gebruiksfunctie,Zwavertsweg 126  G15  Hengelo
Singelweg,11,,,Grijpskerke,4364 LA,542,woonfunctie,Singelweg 11   4364 LA Grijpskerke
Floris van Wevelikhovenstraat,5,,,Vollenhove,8325 GD,189,woonfunctie,Floris van Wevelikhovenstraat 5   8325 GD Vollenhove
Golflaan,3,,17,Heerenveen,,20,overige gebruiksfunctie,Golflaan 3  17  Heerenveen
Amnesty Internationalweg,3,,,Dordrecht,3318AZ,454,kantoorfunctie,Amnesty Internationalweg 3   3318AZ Dordrecht
Overhorsterweg,10,,,Voorthuizen,3781ND,174,bijeenkomstfunctie,Overhorsterweg 10   3781ND Voorthuizen
Schelfhoutstraat,19,,,Groningen,9744 JH,114,woonfunctie,Schelfhoutstraat 19   9744 JH Groningen
Apollostraat,507,,,Rotterdam,3054TC,71,woonfunctie,Apollostraat 507   3054TC Rotterdam
Nieuwersluisstraat,245,,,'s-Gravenhage,2546 RW,69,woonfunctie,Nieuwersluisstraat 245   2546 RW 's-Gravenhage
Buntlaan,71,,,Driebergen-Rijsenburg,3971JC,153,woonfunctie,Buntlaan 71   3971JC Driebergen-Rijsenburg
Smidse,47,,,Schaijk,5374AJ,109,woonfunctie,Smidse 47   5374AJ Schaijk
Dommelhoefstraat,10,,,Eindhoven,5613EM,3572,gezondheidszorgfunctie,Dommelhoefstraat 10   5613EM Eindhoven
Kinkerstraat,384,,2,Amsterdam,1053 GJ,34,woonfunctie,Kinkerstraat 384  2 1053 GJ Amsterdam
Merelweg,49,,,Nijverdal,7442 CA,167,woonfunctie,Merelweg 49   7442 CA Nijverdal
Peppelhage,7,,,Stadskanaal,9501 ZN,102,woonfunctie,Peppelhage 7   9501 ZN Stadskanaal
Narcissenstraat,2,D,,Lisserbroek,,15,overige gebruiksfunctie,Narcissenstraat 2 D   Lisserbroek
Stadionkade,137,,,Amsterdam,1076BT,74,woonfunctie,Stadionkade 137   1076BT Amsterdam
Everzwijnakker,7,,,Houten,3994GG,95,woonfunctie,Everzwijnakker 7   3994GG Houten
Ariensware,8,,,Zwolle,8014 TE,119,woonfunctie,Ariensware 8   8014 TE Zwolle
Zesstedenweg,135,,,Grootebroek,1613JC,144,woonfunctie,Zesstedenweg 135   1613JC Grootebroek
Valeriusstraat,171,,2,Amsterdam,1075 EV,126,woonfunctie,Valeriusstraat 171  2 1075 EV Amsterdam
Hogestraat,3,,,Druten,6651 BD,119,bijeenkomstfunctie,Hogestraat 3   6651 BD Druten
Tuinstraat,52,,,Zwolle,8011 HD,80,woonfunctie,Tuinstraat 52   8011 HD Zwolle
Prof. Teldersstraat,23,,,Heinenoord,3274CZ,102,woonfunctie,Prof. Teldersstraat 23   3274CZ Heinenoord
Wildenburgstraat,103,,,Leusden,3833HD,126,woonfunctie,Wildenburgstraat 103   3833HD Leusden
Lexmonderwaard,46,,,Lexmond,4128 EA,111,woonfunctie,Lexmonderwaard 46   4128 EA Lexmond
Joseph Ledelstraat,98,,,'s-Gravenhage,2518KM,47,industriefunctie,Joseph Ledelstraat 98   2518KM 's-Gravenhage
Houtweg,20,,,Ter Aar,2461GR,37,industriefunctie,Houtweg 20   2461GR Ter Aar
Harderwijker Bank,10,,,Bunschoten-Spakenburg,3752TP,86,woonfunctie,Harderwijker Bank 10   3752TP Bunschoten-Spakenburg
Ravensbos,1,H,,Valkenburg,6301PR,213,logiesfunctie,Ravensbos 1 H  6301PR Valkenburg
Knolwei,38,,,Schimmert,6333 DB,233,woonfunctie,Knolwei 38   6333 DB Schimmert
Buitenlust,1,,,Diemen,1111JH,122,woonfunctie,Buitenlust 1   1111JH Diemen
Akkerstraat,28,,,Amsterdam,1097XM,70,woonfunctie,Akkerstraat 28   1097XM Amsterdam
Anton de Haenstraat,44,,,'s-Gravenhage,2563 BS,81,woonfunctie,Anton de Haenstraat 44   2563 BS 's-Gravenhage
Pastoor van Breugelstraat,1,,001,Bosschenhoofd,,11,overige gebruiksfunctie,Pastoor van Breugelstraat 1  001  Bosschenhoofd
Bonaire,22,,,Zoetermeer,2721LJ,134,woonfunctie,Bonaire 22   2721LJ Zoetermeer
Hobbemastraat,48,,,Ede,6717 PP,104,woonfunctie,Hobbemastraat 48   6717 PP Ede
Bedumerstraat,157,,,Groningen,9716 BJ,89,woonfunctie,Bedumerstraat 157   9716 BJ Groningen
Dintelstraat,57,,2,Amsterdam,1078VR,85,woonfunctie,Dintelstraat 57  2 1078VR Amsterdam
Marijkeweg,26,,3B9,Wageningen,6709 PG,18,woonfunctie,Marijkeweg 26  3B9 6709 PG Wageningen
Stanleyweg,11,,,Goes,4462GN,2987,winkelfunctie,Stanleyweg 11   4462GN Goes
Gertrude Elionpad,11,,,Vlaardingen,3133LJ,54,woonfunctie,Gertrude Elionpad 11   3133LJ Vlaardingen
Rozemarijnhof,4,,,Schijndel,5482 PW,186,woonfunctie,Rozemarijnhof 4   5482 PW Schijndel
Krachtveld,37,,,Almere,1359KJ,183,woonfunctie,Krachtveld 37   1359KJ Almere
Beatrixstraat,39,,,Nederweert,6031 BB,139,woonfunctie,Beatrixstraat 39   6031 BB Nederweert
Thomas Jeffersonlaan,431,,,Rijswijk,2285AP,143,woonfunctie,Thomas Jeffersonlaan 431   2285AP Rijswijk
Silene,10,,,Kampen,8265GZ,115,woonfunctie,Silene 10   8265GZ Kampen
Schuttersstraat,7,,,Lierop,5715BH,141,woonfunctie,Schuttersstraat 7   5715BH Lierop
Rijnpoort,25,,,Nieuw-Vennep,2152RD,62,woonfunctie,Rijnpoort 25   2152RD Nieuw-Vennep
Speenkruidstraat,13,,,Heerhugowaard,1706 AS,168,woonfunctie,Speenkruidstraat 13   1706 AS Heerhugowaard
de Montestraat,9,,,Tubbergen,7651 BG,110,woonfunctie,de Montestraat 9   7651 BG Tubbergen
Kruidhof,29,,,Bergen op Zoom,4623BC,112,woonfunctie,Kruidhof 29   4623BC Bergen op Zoom
Freesialaan,20,,,Leende,5595 EN,121,woonfunctie,Freesialaan 20   5595 EN Leende
Annie Romein-Verschoorstraat,3,,,Eindhoven,5612 SH,108,woonfunctie,Annie Romein-Verschoorstraat 3   5612 SH Eindhoven
Louis Davidsstraat,97,,,'s-Gravenhage,2551EC,82,woonfunctie,Louis Davidsstraat 97   2551EC 's-Gravenhage
Kalmoesplantsoen,26,,,'s-Gravenhage,2548WV,128,woonfunctie,Kalmoesplantsoen 26   2548WV 's-Gravenhage
Calslaan,30,A,,Enschede,7522 MD,206,woonfunctie,Calslaan 30 A  7522 MD Enschede
Nachtwakershoeve,4,,,Apeldoorn,7326DG,143,woonfunctie,Nachtwakershoeve 4   7326DG Apeldoorn
Spengen,4,A,,Kockengen,3628EX,50,woonfunctie,Spengen 4 A  3628EX Kockengen
Westerwoud,35,,,Woudenberg,3931 DJ,67,woonfunctie,Westerwoud 35   3931 DJ Woudenberg
Wiepke Hofstraat,10,,21,Lemmer,8531 GN,55,gezondheidszorgfunctie,Wiepke Hofstraat 10  21 8531 GN Lemmer
Vreeswijkstraat,335,,,'s-Gravenhage,2546 AK,90,woonfunctie,Vreeswijkstraat 335   2546 AK 's-Gravenhage
Schaepmanlaan,184,,,Baarn,3741 VH,113,woonfunctie,Schaepmanlaan 184   3741 VH Baarn
Ir. F.W. Conradstraat,62,,,Nieuwegein,3433 AM,83,woonfunctie,Ir. F.W. Conradstraat 62   3433 AM Nieuwegein
Eind,1,a,,Roggel,6088NC,218,woonfunctie,Eind 1 a  6088NC Roggel
Spaarnestraat,54,,,Oost-Souburg,4388TL,123,woonfunctie,Spaarnestraat 54   4388TL Oost-Souburg
Sneeuwuil,14,,,Mierlo,5731XH,158,woonfunctie,Sneeuwuil 14   5731XH Mierlo
Torellistraat,22,,,Spijkenisse,3208 NG,95,woonfunctie,Torellistraat 22   3208 NG Spijkenisse
Lichterstraat,62,,,Amsterdam,1034 HP,76,woonfunctie,Lichterstraat 62   1034 HP Amsterdam
Feytsmastrjitte,1,,,Ferwert,9172 NR,134,woonfunctie,Feytsmastrjitte 1   9172 NR Ferwert
Schoutenstraat,58,,,Holten,7451AT,173,woonfunctie,Schoutenstraat 58   7451AT Holten
Spoorplein,20,,,Heerlen,6411 NZ,157,woonfunctie,Spoorplein 20   6411 NZ Heerlen
Scherpgras,22,,,Spijkenisse,3206 SL,118,woonfunctie,Scherpgras 22   3206 SL Spijkenisse
Gounodlaan,51,,,Tilburg,5049AE,201,woonfunctie,Gounodlaan 51   5049AE Tilburg
Van Riebeekstraat,132,,,Enschede,7535ZM,90,woonfunctie,Van Riebeekstraat 132   7535ZM Enschede
Boulevard de Wielingen,12,,,Cadzand,4506JH,186,woonfunctie,Boulevard de Wielingen 12   4506JH Cadzand
Graaf Janlaan,52,,,Amersfoort,3818 DZ,51,woonfunctie,Graaf Janlaan 52   3818 DZ Amersfoort
Frederiksveld,15,,,Nieuw-Vennep,2151LP,120,woonfunctie,Frederiksveld 15   2151LP Nieuw-Vennep
Talmastraat,102,,,Breda,4812 KE,130,woonfunctie,Talmastraat 102   4812 KE Breda
Lithse Dijk,36,,,Lith,5397 EC,228,woonfunctie,Lithse Dijk 36   5397 EC Lith
Bovenstraat,83,,,Hoeven,4741 SK,220,woonfunctie,Bovenstraat 83   4741 SK Hoeven
Slagterslaan,2,A,36,Berkhout,1647 CA,22,woonfunctie,Slagterslaan 2 A 36 1647 CA Berkhout
Pancratiusstraat,20,,,Heerlen,6411 KC,45,woonfunctie,Pancratiusstraat 20   6411 KC Heerlen
Buttingstraat,140,,,Hoensbroek,6431 JH,90,woonfunctie,Buttingstraat 140   6431 JH Hoensbroek
Stakenberg,14,,,Ede,6718DE,97,woonfunctie,Stakenberg 14   6718DE Ede
Pelikaanhof,52,,,Beverwijk,1945RT,61,woonfunctie,Pelikaanhof 52   1945RT Beverwijk
Moriondijk,2,,,Roosendaal,4706 LE,108,woonfunctie,Moriondijk 2   4706 LE Roosendaal
Marsdiep,32,,,Kaatsheuvel,5172AV,75,woonfunctie,Marsdiep 32   5172AV Kaatsheuvel
De Meent,9015,,,Odijk,,18,overige gebruiksfunctie,De Meent 9015    Odijk
Merellaan,1083,,,Maassluis,3145 GK,108,woonfunctie,Merellaan 1083   3145 GK Maassluis
Van Huessenleede,22,,,Barendrecht,2991 WR,212,woonfunctie,Van Huessenleede 22   2991 WR Barendrecht
Steeweg,43,,,Yerseke,4401 AN,184,industriefunctie,Steeweg 43   4401 AN Yerseke
Walakker,11,,,Opperdoes,1674ME,155,woonfunctie,Walakker 11   1674ME Opperdoes
Houtstraat,3,,,Waddinxveen,2741 NE,153,woonfunctie,Houtstraat 3   2741 NE Waddinxveen
Gershwinstraat,31,,,Zwijndrecht,3335 WJ,116,woonfunctie,Gershwinstraat 31   3335 WJ Zwijndrecht
Mahlerrode,20,,,Zoetermeer,2717CM,117,woonfunctie,Mahlerrode 20   2717CM Zoetermeer
Witte de Withstraat,49,A,,Rotterdam,3012BM,131,bijeenkomstfunctie,Witte de Withstraat 49 A  3012BM Rotterdam
Dorpsstraat,174,,,Zevenhuizen,2761 AJ,164,woonfunctie,Dorpsstraat 174   2761 AJ Zevenhuizen
Kweekerslaan,6,A,,Santpoort-Noord,2071 KA,151,woonfunctie,Kweekerslaan 6 A  2071 KA Santpoort-Noord
Burchtplein,2,,,Wassenaar,2242 GK,186,woonfunctie,Burchtplein 2   2242 GK Wassenaar
Marktstraat,99,,,Hoensbroek,6431LL,79,woonfunctie,Marktstraat 99   6431LL Hoensbroek
Hammarskjöldplaats,129,,,Rotterdam,3069 RA,89,woonfunctie,Hammarskjöldplaats 129   3069 RA Rotterdam
Hoge Rijndijk,184,A,,Leiden,2314AJ,81,woonfunctie,Hoge Rijndijk 184 A  2314AJ Leiden
Rhone,34,,,'s-Gravenhage,2491 AP,1826,industriefunctie,Rhone 34   2491 AP 's-Gravenhage
Hogelandseweg,93,G,72,Nijmegen,,20,overige gebruiksfunctie,Hogelandseweg 93 G 72  Nijmegen
de Fennen,61,,,Leeuwarden,8918CC,127,woonfunctie,de Fennen 61   8918CC Leeuwarden
Dokter Engelsoord,1,a,2,Maasbracht,6051 LE,23,woonfunctie,Dokter Engelsoord 1 a 2 6051 LE Maasbracht
Zernikedreef,15,,,Maassluis,3146 VL,122,woonfunctie,Zernikedreef 15   3146 VL Maassluis
Lindenlaan,1,,,Ossendrecht,4641 EZ,233,woonfunctie,Lindenlaan 1   4641 EZ Ossendrecht
Van Ravelingenstraat,12,,,Leiden,2332PW,93,woonfunctie,Van Ravelingenstraat 12   2332PW Leiden
Roos Vosstraat,10,,,Tiel,4003 ZD,102,woonfunctie,Roos Vosstraat 10   4003 ZD Tiel
Houtkade,5,C,,Goes,4463AC,145,industriefunctie,Houtkade 5 C  4463AC Goes
Medemblikstraat,275,,80,'s-Gravenhage,2547 GW,25,woonfunctie,Medemblikstraat 275  80 2547 GW 's-Gravenhage
Vughterhage,17,,,Vught,5263 BM,114,woonfunctie,Vughterhage 17   5263 BM Vught
Deken de Bruijnplein,15,,,Heeze,5591 CS,171,woonfunctie,Deken de Bruijnplein 15   5591 CS Heeze
Spechtstraat,5,,,Lisse,2162 HZ,123,woonfunctie,Spechtstraat 5   2162 HZ Lisse
Hullenbergweg,22,B,273,Amsterdam,1101 BL,64,woonfunctie,Hullenbergweg 22 B 273 1101 BL Amsterdam
Buitenweeren,25,,,Broek in Waterland,1151BE,99,woonfunctie,Buitenweeren 25   1151BE Broek in Waterland
Zwanendonk,55,,,Oosterhout,4907 ZH,102,woonfunctie,Zwanendonk 55   4907 ZH Oosterhout
Telefoonstraat,45,B,,Zuidlaren,9471 EL,113,woonfunctie,Telefoonstraat 45 B  9471 EL Zuidlaren
Egmondland,4,,,Den Hoorn,2635MW,149,woonfunctie,Egmondland 4   2635MW Den Hoorn
Leliënsingel,29,,,Geleen,6163CL,100,woonfunctie,Leliënsingel 29   6163CL Geleen
C.P.Tielestraat,28,A,02,Rotterdam,3023 TD,90,woonfunctie,C.P.Tielestraat 28 A 02 3023 TD Rotterdam
Havenstraat,37,e,,Sliedrecht,3361 XD,78,woonfunctie,Havenstraat 37 e  3361 XD Sliedrecht
Scheen,132,,,Joure,8501 HK,138,woonfunctie,Scheen 132   8501 HK Joure
Prins Hendrikstraat,155,,,'s-Gravenhage,2518HP,77,woonfunctie,Prins Hendrikstraat 155   2518HP 's-Gravenhage
Schrijverspark,70,,GA04,Veenendaal,3901 PR,15,overige gebruiksfunctie,Schrijverspark 70  GA04 3901 PR Veenendaal
Ibisdreef,62,,,Utrecht,3564RD,105,woonfunctie,Ibisdreef 62   3564RD Utrecht
Ratio,31,,,Duiven,6921RW,1333,industriefunctie,Ratio 31   6921RW Duiven
Kerkweg,9,a,206,Hensbroek,1711 RR,-1,,Kerkweg 9 a 206 1711 RR Hensbroek
Dokter Kijlstraweg,33,,,Mûnein,9063JB,89,woonfunctie,Dokter Kijlstraweg 33   9063JB Mûnein
Ariënsplein,1,,708,Enschede,7511 JX,35,woonfunctie,Ariënsplein 1  708 7511 JX Enschede
Brugstraat,105,c,,Almelo,7607 XH,45,woonfunctie,Brugstraat 105 c  7607 XH Almelo
Goudenstein,115,,,Barneveld,3772LC,46,woonfunctie,Goudenstein 115   3772LC Barneveld
Zandbelterweg,1,,,Schalkhaar,7433PJ,490,industriefunctie,Zandbelterweg 1   7433PJ Schalkhaar
Bergblauwstraat,258,,,Zaandam,1503MK,97,woonfunctie,Bergblauwstraat 258   1503MK Zaandam
Veldzichtlaan,38,,,Linschoten,3461GV,124,woonfunctie,Veldzichtlaan 38   3461GV Linschoten
Diepenveenseweg,1,A,,Deventer,7413AK,45,industriefunctie,Diepenveenseweg 1 A  7413AK Deventer
Kerklaan,24,,,Rijswijk,2282 CK,126,woonfunctie,Kerklaan 24   2282 CK Rijswijk
Badhuisstraat,1,,,Bergambacht,2861 XT,71,woonfunctie,Badhuisstraat 1   2861 XT Bergambacht
Beetwortelweg,27,,,Oud-Beijerland,3263 EA,113,woonfunctie,Beetwortelweg 27   3263 EA Oud-Beijerland
Laantje van Jetses,7,,,Wageningen,6708SH,101,woonfunctie,Laantje van Jetses 7   6708SH Wageningen
